File,Extension,Size(KB),Last Modified
.env,,0.38,2026-06-21 19:57:26
.env.example,.example,0.19,2026-05-29 16:55:10
alembic.ini,.ini,0.62,2026-06-01 14:47:55
docker-compose.yml,.yml,0.33,2026-05-30 17:52:20
README.md,.md,0.28,2026-05-29 16:55:08
requirements.txt,.txt,0.2,2026-06-15 17:56:53
alembic\env.py,.py,1.4,2026-06-05 15:45:24
alembic\env1.py,.py,2.05,2026-06-05 15:48:08
alembic\README,,0.04,2026-06-05 15:48:08
alembic\script.py.mako,.mako,0.62,2026-06-05 15:48:08
app\config.py,.py,0.82,2026-06-21 20:04:35
app\db.py,.py,0.52,2026-06-01 16:38:14
app\logging_config.py,.py,0.25,2026-05-31 16:49:32
app\main.py,.py,2.01,2026-06-07 16:34:51
app\middleware.py,.py,0.88,2026-06-01 18:55:56
app\models.py,.py,2.55,2026-06-23 19:18:10
app\schemas.py,.py,1.87,2026-06-21 20:09:20
app\__init__.py,.py,0.0,2026-05-29 14:34:53
project_reference\Project_Structure.md,.md,1.64,2026-07-01 18:32:28
python tools\generate_project_structure.py,.py,3.45,2026-07-01 18:26:07
app\executors\linux_executor.py,.py,1.83,2026-06-23 16:27:48
app\executors\result_models.py,.py,0.28,2026-06-07 17:38:54
app\executors\windows_executor.py,.py,2.16,2026-07-01 14:08:43
app\executors\__init__.py,.py,0.0,2026-06-02 15:57:37
app\queue\job_queue.py,.py,1.98,2026-06-07 16:42:42
app\queue\__init__.py,.py,0.0,2026-06-05 10:39:54
app\routes\jobs.py,.py,5.98,2026-06-15 20:19:04
app\routes\monitor_api.py,.py,0.6,2026-06-07 16:27:48
app\routes\__init__.py,.py,0.0,2026-05-29 14:34:54
app\services\credential_provider.py,.py,0.5,2026-06-21 19:42:29
app\services\execution_policy.py,.py,1.85,2026-07-01 12:31:21
app\services\execution_service.py,.py,6.1,2026-06-23 19:31:48
app\services\job_lifecycle.py,.py,1.66,2026-06-15 19:35:41
app\services\__init__.py,.py,0.0,2026-06-02 11:04:30
alembic\versions\0001_create_jobs_and_job_steps.py,.py,2.53,2026-06-01 15:13:23
alembic\versions\0002_extend_job_status_lifecycle.py,.py,1.02,2026-06-02 11:51:23
alembic\versions\003_add_execution_fields.py,.py,1.25,2026-06-05 16:23:49
alembic\versions\004_add_workflow_ready_fields.py,.py,0.97,2026-06-15 18:29:32
alembic\versions\005_add_final_failed_final_statu.py,.py,0.68,2026-06-23 18:52:51
